{
	"1":{"x": 0.10665525114155251,"y": 0.023775695284159615},
	"2":{"x": 0.2865639269406393,"y": 0.0032194679564691653},
	"3":{"x": 0.40345890410958907,"y": 0.0056378476420798065},
	"4":{"x": 0.4746917808219178,"y": -0.0016172914147521164},
	"5":{"x": 0.7605365296803653,"y": 0.011683796856106408},
	"6":{"x": 0.8463812785388128,"y": 0.011683796856106408},
	"7":{"x": 0.9331392694063927,"y": 0.020148125755743655},
	"8":{"x": 0.0701255707762557,"y": 0.07818923821039903},
	"9":{"x": 0.13953196347031963,"y": 0.08181680773881499},
	"10":{"x": 0.3459246575342466,"y": 0.07214328899637243},
	"11":{"x": 0.39980593607305936,"y": 0.08544437726723095},
	"12":{"x": 0.44455479452054797,"y": 0.07456166868198308},
	"13":{"x": 0.5267465753424658,"y": 0.06730652962515116},
	"14":{"x": 0.6107648401826484,"y": 0.0467503022974607},
	"15":{"x": 0.6956963470319635,"y": 0.03707678355501814},
	"16":{"x": 0.7778881278538813,"y": 0.07698004836759371},
	"17":{"x": 0.9285730593607306,"y": 0.11325574365175332},
	"18":{"x": 0.029029680365296805, "y": 0.12292926239419588},
	"19":{"x": 0.09386986301369862, "y": 0.13260278113663845},
	"20":{"x": 0.1797146118721461, "y": 0.1060006045949214},
	"21":{"x": 0.2646461187214612, "y": 0.14953143893591292},
	"22":{"x": 0.40254566210045667, "y": 0.1664600967351874},
	"23":{"x": 0.4710388127853882, "y": 0.11930169286577992},
	"24":{"x": 0.5788013698630137, "y": 0.12292926239419588},
	"25":{"x": 0.6235502283105023, "y": 0.13864873035066505},
	"26":{"x": 0.6911301369863014, "y": 0.07214328899637243},
	"27":{"x": 0.7048287671232877, "y": 0.12655683192261186},
	"28":{"x": 0.73587899543379, "y": 0.10479141475211608},
	"29":{"x": 0.8500342465753424, "y": 0.13985792019347038},
	"30":{"x": 0.9568835616438355, "y": 0.13139359129383313},
	"31":{"x": 0.055513698630136984, "y": 0.16404171704957676},
	"32":{"x": 0.14866438356164383, "y": 0.19427146311970978},
	"33":{"x": 0.22537671232876713, "y": 0.1773428053204353},
	"34":{"x": 0.3514041095890411, "y": 0.19306227327690448},
	"35":{"x": 0.42537671232876717, "y": 0.2184552599758162},
	"36":{"x": 0.45460045662100457, "y": 0.22691958887545344},
	"37":{"x": 0.5048287671232877, "y": 0.1664600967351874},
	"38":{"x": 0.6025456621004567, "y": 0.17371523579201933},
	"39":{"x": 0.6463812785388128, "y": 0.16162333736396614},
	"40":{"x": 0.7221803652968036, "y": 0.20273579201934702},
	"41":{"x": 0.7541438356164384, "y": 0.18701632406287785},
	"42":{"x": 0.9322260273972603, "y": 0.19064389359129383},
	"43":{"x": 0.010764840182648401, "y": 0.21482769044740024},
	"44":{"x": 0.10939497716894976, "y": 0.24022067714631196},
	"45":{"x": 0.175148401826484, "y": 0.25714933494558645},
	"46":{"x": 0.2372488584474886, "y": 0.2305471584038694},
	"47":{"x": 0.2883904109589041, "y": 0.21603688029020557},
	"48":{"x": 0.36692922374429227, "y": 0.2607769044740024},
	"49":{"x": 0.4792579908675799, "y": 0.2644044740024184},
	"50":{"x": 0.5276598173515982, "y": 0.22087363966142684},
	"51":{"x": 0.6253767123287671, "y": 0.2293379685610641},
	"52":{"x": 0.6746917808219178, "y": 0.21120012091898427},
	"53":{"x": 0.7313127853881278, "y": 0.2547309552599758},
	"54":{"x": 0.7678424657534246, "y": 0.24142986698911728},
	"55":{"x": 0.8527739726027398, "y": 0.23901148730350663},
	"56":{"x": 0.9623630136986301, "y": 0.25231257557436515},
	"57":{"x": 0.041815068493150684, "y": 0.2644044740024184},
	"58":{"x": 0.13587899543378995, "y": 0.27891475211608224},
	"59":{"x": 0.1559703196347032, "y": 0.3103536880290206},
	"60":{"x": 0.1925000000000001, "y": 0.3018893591293833},
	"61":{"x": 0.255513698630137, "y": 0.31398125755743655},
	"62":{"x": 0.29021689497716896, "y": 0.29826178960096733},
	"63":{"x": 0.3733219178082192, "y": 0.3538845223700121},
	"64":{"x": 0.4244634703196347, "y": 0.3417926239419589},
	"65":{"x": 0.47743150684931507, "y": 0.3248639661426844},
	"66":{"x": 0.512134703196347, "y": 0.3151904474002419},
	"67":{"x": 0.5669292237442922, "y": 0.30430773881499396},
	"68":{"x": 0.6354223744292238, "y": 0.2849607013301088},
	"69":{"x": 0.6984360730593607, "y": 0.2777055622732769},
	"70":{"x": 0.7742351598173516, "y": 0.297052599758162},
	"71":{"x": 0.8418150684931507, "y": 0.297052599758162},
	"72":{"x": 0.9130479452054795, "y": 0.30430773881499396},
	"73":{"x": 0.040901826484018265, "y": 0.31760882708585253},
	"74":{"x": 0.0746917808219178, "y": 0.3708131801692866},
	"75":{"x": 0.12126712328767122, "y": 0.3526753325272068},
	"76":{"x": 0.18062785388127853, "y": 0.34783857315598554},
	"77":{"x": 0.22263698630136985, "y": 0.3889510278113664},
	"78":{"x": 0.2701255707762557, "y": 0.3792775090689238},
	"79":{"x": 0.3057420091324201, "y": 0.3696039903264813},
	"80":{"x": 0.3888470319634703, "y": 0.3913694074969771},
	"81":{"x": 0.45916666666666667, "y": 0.4058796856106409},
	"82":{"x": 0.4847374429223745, "y": 0.3829050785973398},
	"83":{"x": 0.5550570776255708, "y": 0.3708131801692866},
	"84":{"x": 0.598892694063927, "y": 0.3417926239419589},
	"85":{"x": 0.6390753424657535, "y": 0.3236547762998791},
	"86":{"x": 0.7075684931506849, "y": 0.3587212817412334},
	"87":{"x": 0.7797146118721462, "y": 0.3816958887545345},
	"88":{"x": 0.8107648401826484, "y": 0.3925785973397824},
	"89":{"x": 0.8363356164383562, "y": 0.3623488512696494},
	"90":{"x": 0.8865639269406392, "y": 0.3623488512696494},
	"91":{"x": 0.9541438356164382, "y": 0.36113966142684406},
	"92":{"x": 0.016244292237442923, "y": 0.41434401451027814},
	"93":{"x": 0.019897260273972605, "y": 0.4530380894800484},
	"94":{"x": 0.08017123287671232, "y": 0.4349002418379686},
	"95":{"x": 0.10848173515981735, "y": 0.42764510278113665},
	"96":{"x": 0.2518607305936073, "y": 0.45666565900846434},
	"97":{"x": 0.283824200913242, "y": 0.4409461910519952},
	"98":{"x": 0.32583333333333336, "y": 0.4240175332527207},
	"99":{"x": 0.3660159817351598, "y": 0.43127267230955263},
	"100":{"x": 0.43542237442922377, "y": 0.45666565900846434},
	"101":{"x": 0.507568493150685, "y": 0.42038996372430476},
	"102":{"x": 0.5943264840182648, "y": 0.37323155985489725},
	"103":{"x": 0.6500342465753425, "y": 0.3659764207980653},
	"104":{"x": 0.7093949771689498, "y": 0.40346130592503027},
	"105":{"x": 0.8655593607305936, "y": 0.42038996372430476},
	"106":{"x": 0.9258333333333334, "y": 0.43610943168077393},
	"107":{"x": 0.968755707762557, "y": 0.4336910519951633},
	"108":{"x": 0.8491210045662101, "y": 0.5122883917775091},
	"109":{"x": 0.3002625570776256, "y": 0.5219619105199517},
	"110":{"x": 0.346837899543379, "y": 0.4602932285368803},
	"111":{"x": 0.37697488584474886, "y": 0.5086608222490931},
	"112":{"x": 0.39523972602739726, "y": 0.49173216444981865},
	"113":{"x": 0.4646461187214612, "y": 0.49052297460701333},
	"114":{"x": 0.5148744292237443, "y": 0.46996674727932286},
	"115":{"x": 0.5915867579908676, "y": 0.4385278113663845},
	"116":{"x": 0.7093949771689498, "y": 0.49656892382103995},
	"117":{"x": 0.7897602739726027, "y": 0.5364721886336155},
	"118":{"x": 0.7112214611872146, "y": 0.5594467956469166},
	"119":{"x": 0.9486643835616437, "y": 0.5812122128174123},
	"120":{"x": 0.014417808219178083, "y": 0.6223246674727932},
	"121":{"x": 0.04820776255707763, "y": 0.6235338573155986},
	"122":{"x": 0.09660958904109589, "y": 0.6186970979443773},
	"123":{"x": 0.21715753424657533, "y": 0.6150695284159613},
	"124":{"x": 0.29021689497716896, "y": 0.5945133010882709},
	"125":{"x": 0.4153310502283105, "y": 0.5364721886336155},
	"126":{"x": 0.5514041095890411, "y": 0.5062424425634825},
	"127":{"x": 0.6418150684931507, "y": 0.5352629987908102},
	"128":{"x": 0.7568835616438356, "y": 0.7190598548972189},
	"129":{"x": 0.7824543378995434, "y": 0.5703295042321644},
	"130":{"x": 0.39889269406392697, "y": 0.5993500604594921},
	"131":{"x": 0.43450913242009137, "y": 0.5654927448609431},
	"132":{"x": 0.5130479452054795, "y": 0.5594467956469166},
	"133":{"x": 0.603458904109589, "y": 0.613860338573156},
	"134":{"x": 0.6682990867579909, "y": 0.5860489721886336},
	"135":{"x": 0.8125913242009133, "y": 0.6041868198307134},
	"136":{"x": 0.9258333333333334,