{
	"1":{"x": 0.11898945921173235,"y": 0.03586759371221282},
	"2":{"x": 0.98,"y": 0.97},
	"3":{"x": 0.98,"y": 0.97},
	"4":{"x": 0.98,"y": 0.97},
	"5":{"x": 0.98,"y": 0.97},
	"6":{"x": 0.98,"y": 0.97},
	"7":{"x": 0.98,"y": 0.97},
	"8":{"x": 0.98,"y": 0.97},
	"9":{"x": 0.98,"y": 0.97},
	"10":{"x": 0.98,"y": 0.97},
	"11":{"x": 0.98,"y": 0.97},
	"12":{"x": 0.98,"y": 0.97},
	"13":{"x": 0.98,"y": 0.97},
	"14":{"x": 0.98,"y": 0.97},
	"15":{"x": 0.98,"y": 0.97},
	"16":{"x": 0.98,"y": 0.97},
	"17":{"x": 0.98,"y": 0.97},
	"18":{"x": 0.98,"y": 0.97},
	"19":{"x": 0.98,"y": 0.97},
	"20":{"x": 0.98,"y": 0.97},
	"21":{"x": 0.98,"y": 0.97},
	"22":{"x": 0.98,"y": 0.97},
	"23":{"x": 0.98,"y": 0.97},
	"24":{"x": 0.98,"y": 0.97},
	"25":{"x": 0.98,"y": 0.97},
	"26":{"x": 0.98,"y": 0.97},
	"27":{"x": 0.98,"y": 0.97},
	"28":{"x": 0.98,"y": 0.97},
	"29":{"x": 0.98,"y": 0.97},
	"30":{"x": 0.98,"y": 0.97},
	"31":{"x": 0.98,"y": 0.97},
	"32":{"x": 0.98,"y": 0.97},
	"33":{"x": 0.98,"y": 0.97},
	"34":{"x": 0.98,"y": 0.97},
	"35":{"x": 0.98,"y": 0.97},
	"36":{"x": 0.98,"y": 0.97},
	"37":{"x": 0.98,"y": 0.97},
	"38":{"x": 0.98,"y": 0.97},
	"39":{"x": 0.98,"y": 0.97},
	"40":{"x": 0.98,"y": 0.97},
	"41":{"x": 0.98,"y": 0.97},
	"42":{"x": 0.98,"y": 0.97},
	"43":{"x": 0.98,"y": 0.97},
	"44":{"x": 0.98,"y": 0.97},
	"45":{"x": 0.98,"y": 0.97},
	"46":{"x": 0.98,"y": 0.97},
	"47":{"x": 0.98,"y": 0.97},
	"48":{"x": 0.98,"y": 0.97},
	"49":{"x": 0.98,"y": 0.97},
	"50":{"x": 0.98,"y": 0.97},
	"51":{"x": 0.98,"y": 0.97},
	"52":{"x": 0.98,"y": 0.97},
	"53":{"x": 0.98,"y": 0.97},
	"54":{"x": 0.98,"y": 0.97},
	"55":{"x": 0.98,"y": 0.97},
	"56":{"x": 0.98,"y": 0.97},
	"57":{"x": 0.98,"y": 0.97},
	"58":{"x": 0.98,"y": 0.97},
	"59":{"x": 0.98,"y": 0.97},
	"60":{"x": 0.98,"y": 0.97},
	"61":{"x": 0.98,"y": 0.97},
	"62":{"x": 0.98,"y": 0.97},
	"63":{"x": 0.98,"y": 0.97},
	"64":{"x": 0.98,"y": 0.97},
	"65":{"x": 0.98,"y": 0.97},
	"66":{"x": 0.98,"y": 0.97},
	"67":{"x": 0.98,"y": 0.97},
	"68":{"x": 0.98,"y": 0.97},
	"69":{"x": 0.98,"y": 0.97},
	"70":{"x": 0.98,"y": 0.97},
	"71":{"x": 0.98,"y": 0.97},
	"72":{"x": 0.98,"y": 0.97},
	"73":{"x": 0.98,"y": 0.97},
	"74":{"x": 0.98,"y": 0.97},
	"75":{"x": 0.98,"y": 0.97},
	"76":{"x": 0.98,"y": 0.97},
	"77":{"x": 0.98,"y": 0.97},
	"78":{"x": 0.98,"y": 0.97},
	"79":{"x": 0.3160563703024748,"y": 0.3744407496977026},
	"80":{"x": 0.98,"y": 0.97},
	"81":{"x": 0.98,"y": 0.97},
	"82":{"x": 0.98,"y": 0.97},
	"83":{"x": 0.98,"y": 0.97},
	"84":{"x": 0.98,"y": 0.97},
	"85":{"x": 0.98,"y": 0.97},
	"86":{"x": 0.98,"y": 0.97},
	"87":{"x": 0.98,"y": 0.97},
	"88":{"x": 0.98,"y": 0.97},
	"89":{"x": 0.98,"y": 0.97},
	"90":{"x": 0.98,"y": 0.97},
	"91":{"x": 0.98,"y": 0.97},
	"92":{"x": 0.98,"y": 0.97},
	"93":{"x": 0.98,"y": 0.97},
	"94":{"x": 0.98,"y": 0.97},
	"95":{"x": 0.98,"y": 0.97},
	"96":{"x": 0.98,"y": 0.97},
	"97":{"x": 0.98,"y": 0.97},
	"98":{"x": 0.98,"y": 0.97},
	"99":{"x": 0.98,"y": 0.97},
	"100":{"x": 0.98,"y": 0.97},
	"101":{"x": 0.98,"y": 0.97},
	"102":{"x": 0.98,"y": 0.97},
	"103":{"x": 0.98,"y": 0.97},
	"104":{"x": 0.98,"y": 0.97},
	"105":{"x": 0.98,"y": 0.97},
	"106":{"x": 0.98,"y": 0.97},
	"107":{"x": 0.98,"y": 0.97},
	"108":{"x": 0.98,"y": 0.97},
	"109":{"x": 0.98,"y": 0.97},
	"110":{"x": 0.98,"y": 0.97},
	"111":{"x": 0.98,"y": 0.97},
	"112":{"x": 0.98,"y": 0.97},
	"113":{"x": 0.98,"y": 0.97},
	"114":{"x": 0.98,"y": 0.97},
	"115":{"x": 0.98,"y": 0.97},
	"116":{"x": 0.98,"y": 0.97},
	"117":{"x": 0.98,"y": 0.97},
	"118":{"x": 0.98,"y": 0.97},
	"119":{"x": 0.98,"y": 0.97},
	"120":{"x": 0.98,"y": 0.97},
	"121":{"x": 0.98,"y": 0.97},
	"122":{"x": 0.98,"y": 0.97},
	"123":{"x": 0.98,"y": 0.97},
	"124":{"x": 0.98,"y": 0.97},
	"125":{"x": 0.98,"y": 0.97},
	"126":{"x": 0.98,"y": 0.97},
	"127":{"x": 0.98,"y": 0.97},
	"128":{"x": 0.98,"y": 0.97},
	"129":{"x": 0.98,"y": 0.97},
	"130":{"x": 0.98,"y": 0.97},
	"131":{"x": 0.98,"y": 0.97},
	"132":{"x": 0.98,"y": 0.97},
	"133":{"x": 0.98,"y": 0.97},
	"134":{"x": 0.98,"y": 0.97},
	"135":{"x": 0.98,"y": 0.97},
	"136":{"x": 0.98,"y": 0.97},
	"137":{"x": 0.98,"y": 0.97},
	"138":{"x": 0.98,"y": 0.97},
	"139":{"x": 0.98,"y": 0.97},
	"140":{"x": 0.98,"y": 0.97},
	"141":{"x": 0.98,"y": 0.97},
	"142":{"x": 0.98,"y": 0.97},
	"143":{"x": 0.98,"y": 0.97},
	"144":{"x": 0.98,"y": 0.97},
	"145":{"x": 0.98,"y": 0.97},
	"146":{"x": 0.98,"y": 0.97},
	"147":{"x": 0.98,"y": 0.97},
	"148":{"x": 0.98,"y": 0.97},
	"149":{"x": 0.98,"y": 0.97},
	"150":{"x": 0.98,"y": 0.97},
	"151":{"x": 0.98,"y": 0.97},
	"152":{"x": 0.98,"y": 0.97},
	"153":{"x": 0.98,"y": 0.97},
	"154":{"x": 0.98,"y": 0.97},
	"155":{"x": 0.98,"y": 0.97},
	"156":{"x": 0.98,"y": 0.97},
	"157":{"x": 0.98,"y": 0.97},
	"158":{"x": 0.98,"y": 0.97},
	"159":{"x": 0.98,"y": 0.97},
	"160":{"x": 0.98,"y": 0.97},
	"161":{"x": 0.98,"y": 0.97},
	"162":{"x": 0.98,"y": 0.97},
	"163":{"x": 0.98,"y": 0.97},
	"164":{"x": 0.98,"y": 0.97},
	"165":{"x": 0.98,"y": 0.97},
	"166":{"x": 0.98,"y": 0.97},
	"167":{"x": 0.98,"y": 0.97},
	"168":{"x": 0.98,"y": 0.97},
	"169":{"x": 0.98,"y": 0.97},
	"170":{"x": 0.98,"y": 0.97},
	"171":{"x": 0.98,"y": 0.97},
	"172":{"x": 0.98,"y": 0.97},
	"173":{"x": 0.98,"y": 0.97},
	"174":{"x": 0.98,"y": 0.97},
	"175":{"x": 0.98,"y": 0.97},
	"176":{"x": 0.98,"y": 0.97},
	"177":{"x": 0.98,"y": 0.97},
	"178":{"x": 0.98,"y": 0.97},
	"179":{"x": 0.98,"y": 0.97},
	"180":{"x": 0.98,"y": 0.97},
	"181":{"x": 0.98,"y": 0.97},
	"182":{"x": 0.98,"y": 0.97},
	"183":{"x": 0.98,"y": 0.97},
	"184":{"x": 0.98,"y": 0.97},
	"185":{"x": 0.98,"y": 0.97},
	"186":{"x": 0.98,"y": 0.97},
	"187":{"x": 0.98,"y": 0.97},
	"188":{"x": 0.98,"y": 0.97},
	"189":{"x": 0.98,"y": 0.97},
	"190":{"x": 0.98,"y": 0.97},
	"191":{"x": 0.98,"y": 0.97},
	"192":{"x": 0.98,"y": 0.97},
	"193":{"x": 0.98,"y": 0.97},
	"194":{"x": 0.98,"y": 0.97},
	"195":{"x": 0.98,"y": 0.97},
	"196":{"x": 0.98,"y": 0.97},
	"197":{"x": 0.98,"y": 0.97},
	"198":{"x": 0.98,"y": 0.97},
	"199":{"x": 0.98,"y": 0.97}
}